iter	smin	time	rmse
0	0	0.00112058	3.6791
129	5032.04	10.0739	0.833747
255	3031.97	20.1192	0.819719
376	2919.53	30.1731	0.81756
498	2649.57	40.2306	0.814369
620	2648.53	50.2609	0.813909
741	2652.63	60.2705	0.813773
858	2653.59	70.2941	0.813726
978	2653.98	80.3681	0.813691
1099	2654.32	90.4215	0.813609
