iter	smin	time	rmse
0	0	1.5491e-05	3.6791
14	5776.56	10.708	1.22702
28	6827.02	21.4599	0.985489
42	7096.3	32.1462	0.911227
56	7107.93	42.6677	0.878875
70	6912.12	53.2392	0.861633
84	6533.84	63.8103	0.851084
98	6032.35	74.313	0.843918
112	5490.14	84.8895	0.838789
126	4968.22	95.4697	0.834739
